<window type="dialog">
  <coordinates>
    <posx>100</posx>
    <posy>100</posy>
  </coordinates>
  <include>dialogeffect</include>
  <controls>
		  <control type="group" id="697">
			  <include>VisibleFadeEffect</include>
			  <posx>0</posx>
			  <posy>0</posy>
			  
			  <control type="image">
				  <description>background image</description>
				  <posx>0</posx>
				  <posy>0</posy>
				  <width>910</width>
				  <height>500</height>
				  <texture border="8">DialogBack.png</texture>
			  </control>
				
				<control type="image">
					<description>Dialog Header image</description>
					<posx>40</posx>
					<posy>16</posy>
					<width>830</width>
					<height>40</height>
					<texture>dialogheader.png</texture>
				</control>
					
				<control type="label">
					<description>Channel name</description>
					<posx>40</posx>
					<posy>20</posy>
					<width>830</width>
					<height>30</height>
					<font>font13_title</font>
					<label>17:00 --- Psihologia crimei --- 04:00</label>
					<align>center</align>
					<aligny>center</aligny>
					<textcolor>selected</textcolor>
					<shadowcolor>black</shadowcolor>
				</control>
				
				<control type="grouplist">
					<description>Events List</description>
					<posx>20</posx>
					<posy>65</posy>
					<width>870</width>
					<height>415</height>
					<itemgap>2</itemgap>
					<pagecontrol>699</pagecontrol>
					<scrolltime tween="linear">400</scrolltime>
					<orientation>vertical</orientation>
					<usecontrolcoords>false</usecontrolcoords>
					<onright>729</onright>
					<onleft>729</onleft>
					
					<control type="button" id="1">
						<label>Monday 04:00 - Jordan - (sua, 2001, s. poliţist, sezonul 6, episodul 9)</label>
						<colordiffuse>FFFFFFFF</colordiffuse>
						<shadowcolor>FF000000</shadowcolor>
						<width>860</width>
						<textcolor>88888888</textcolor>
					</control>
					<control type="button" id="2">
						<label>Sunday 07:30 - Mesaje de dincolo - (sua, 2005, s, sezonul 4, episodul 20)</label>
						<colordiffuse>FFFFFFFF</colordiffuse>
						<shadowcolor>FF000000</shadowcolor>
						<width>860</width>
						<textcolor>FFFFFFFF</textcolor>
					</control>
				</control>
			</control>
			
<!--  
<control type="textbox" id="2">
      <description>My first text box control</description>
      <posx>80</posx>
      <posy>60</posy>
      <width>250</width>
      <height>200</height>
      <visible>true</visible>
      <colordiffuse>FFFFFFFF</colordiffuse>
      <font>font13</font>
      <textcolor>FFFFFFFF</textcolor>
      <pulseonselect></pulseonselect>
      <pagecontrol>13</pagecontrol>
      <autoscroll delay="3000" time="1000" repeat="10000">!Control.HasFocus(13)</autoscroll>
      <label>Text to display goes here [CR] next line...</label>
</control>  
-->

  </controls>
</window>