﻿<?xml version="1.0" encoding="UTF-8" standalone="yes"?>
<addon id="plugin.video.watchlist" name="Watchlist" version="0.0.1~alpha" provider-name="jonib">
	<requires>
		<import addon="xbmc.python" version="2.1.0"/>
		<import addon="xbmc.addon" version="12.0.0"/>
		<import addon="xbmc.json" version="6.0.0"/>
	</requires>
	<extension point="xbmc.service" library="service.py" start="login"/>
	<extension point="xbmc.addon.metadata">
		<summary>A Kodi global watchlist to keep track of any video that started playback or is added to the queue</summary>
		<description>A Kodi global watchlist to keep track of any video that started playback or is added to the queue</description>
		<disclaimer>There might be a problems with some plugins that uses the video links in a more complex way, and would need specific support to handle. Please report any plugins that need special handling.</disclaimer>
		<news>v0.0.1  (2018-02-xx)
              - Initial version</news>
		<platform>all</platform>
		<language></language>
		<license></license>
		<forum></forum>
		<website></website>
		<email></email>
	</extension>
</addon>
